{"cameraMode":{"drawMode":0,"name":"Shaded","section":"Shading Mode"},"sceneLighting":true,"audioPlay":false,"sceneViewState":{"m_AlwaysRefresh":false,"showFog":true,"showSkybox":true,"showFlares":true,"showImageEffects":true,"showParticleSystems":true,"showVisualEffectGraphs":true,"m_FxEnabled":true},"in2DMode":false,"pivot":{"x":-66.49738311767578,"y":-127.33810424804688,"z":261.6590881347656},"rotation":{"x":-0.2309352159500122,"y":0.17576146125793458,"z":-0.042444031685590747,"w":-0.9561012387275696},"size":167.26388549804688,"orthographic":false}